{"cameraMode":{"drawMode":0,"name":"Shaded","section":"Shading Mode"},"sceneLighting":true,"audioPlay":false,"sceneViewState":{"m_AlwaysRefresh":false,"showFog":true,"showSkybox":true,"showFlares":true,"showImageEffects":true,"showParticleSystems":true,"showVisualEffectGraphs":true,"m_FxEnabled":true},"in2DMode":false,"pivot":{"x":0.39246150851249697,"y":-0.4200117588043213,"z":0.4093359112739563},"rotation":{"x":-0.4936426281929016,"y":-0.009916073642671109,"z":0.005628920625895262,"w":-0.869592010974884},"size":2.3723556995391847,"orthographic":false}